{"cameraMode":{"drawMode":0,"name":"Shaded","section":"Shading Mode"},"sceneLighting":false,"audioPlay":false,"sceneViewState":{"m_AlwaysRefresh":false,"showFog":true,"showSkybox":false,"showFlares":true,"showImageEffects":true,"showParticleSystems":true,"showVisualEffectGraphs":true,"m_FxEnabled":true},"in2DMode":false,"pivot":{"x":-1.4807524681091309,"y":4.785038948059082,"z":1.063136339187622},"rotation":{"x":-0.00030446183518506587,"y":0.1810927838087082,"z":-0.00005580206561717205,"w":-0.9834682941436768},"size":3.065159320831299,"orthographic":false}